{"train loss": 5.5146119262381275, "val_key": [1, 31, 61, 91, 121, 151, 181, 211, 241, 271, 301], "val_val": [5.712752224788168, 5.7120773510249245, 5.718346820841096, 5.715010740591676, 5.62069735019947, 5.691748211676158, 5.679117340410227, 5.696675570540579, 5.5146119262381275, 5.678926332714385, 5.590044892813026], "test": 6.702577928856716}