{"train loss": 6.2354669902659525, "val_key": [1, 31, 61, 91, 121, 151, 181, 211, 241, 271, 301], "val_val": [6.235466990272498, 6.23546699026807, 6.2354669902659525, 6.235466990295752, 6.235466990269752, 6.235466990269817, 6.23546699026965, 6.235466990418355, 6.2354669902667705, 6.235466990270673, 6.235466990351924], "test": 7.109186398793123}