{"train loss": 5.622327650333526, "val_key": [1, 31, 61, 91, 121, 151, 181, 211, 241, 271, 301], "val_val": [5.81197531663728, 6.235466994111676, 5.622327650333526, 6.235466990770717, 6.2354669902781055, 6.2354670024220535, 6.235466981966045, 6.23549181035362, 6.23546699026827, 6.235466990263943, 6.235466990678471], "test": 6.455708080302873}