{"train loss": 5.449252535895036, "val_key": [1, 2, 3, 4, 5, 6, 7, 8, 9, 10], "val_val": [5.690279816438055, 5.645363119050005, 5.489503789801002, 5.449252535895036, 5.505236905978928, 5.6111368725066635, 11.959919697479918, 11.959917652484346, 11.959917546111155, 11.95991752435793], "test": 6.530896704673796}