{"train loss": 6.235466990265529, "val_key": [1, 2, 3, 4, 5, 6, 7, 8, 9, 10], "val_val": [6.235466990267233, 6.235466990272189, 6.235466990282119, 6.235466990269592, 6.235466990304542, 6.235466990368075, 6.235466990269598, 6.235466990266432, 6.235466990265529, 6.235466990266883], "test": 7.109186293163881}