{"train loss": 5.684935432538928, "val_key": [1, 2, 3, 4, 5, 6, 7, 8, 9, 10], "val_val": [6.235466990372039, 6.0342176284423905, 5.7732820983874085, 5.7415322062664504, 5.750017978991186, 5.786563127637351, 5.705446592879644, 5.746922503068819, 5.849104066332993, 5.684935432538928], "test": 6.592913627224169}