{"train loss": 5.592724569008998, "val_key": [1, 31, 61, 91, 121, 151, 181, 211, 241, 271, 301], "val_val": [5.722935578254102, 5.682444840431379, 5.6946798554121445, 5.728199379134143, 5.698272215331026, 5.637556419439584, 5.69342859268884, 5.592724569008998, 5.7281132065768485, 5.718613602218644, 5.712161438118393], "test": 6.997759503046849}