{"train loss": 5.70990690317106, "val_key": [1, 2, 3, 4, 5, 6, 7, 8, 9, 10], "val_val": [5.735230479012746, 6.043960664607148, 5.70990690317106, 5.847121348119872, 7.392917472139037, 8.953318091964968, 11.95991764318965, 11.959917470074789, 7.408999504115878, 11.959917421919009], "test": 6.827082957485613}